<?xml version="1.0" encoding="UTF-8"?>
<!DOCTYPE mapper PUBLIC "-//mybatis.org//DTD Mapper 3.0//EN" "http://mybatis.org/dtd/mybatis-3-mapper.dtd">
<mapper namespace="com.itheima.pinda.authority.biz.dao.auth.RoleMapper">

    <!-- 通用查询映射结果 -->
    <resultMap id="BaseResultMap" type="com.itheima.pinda.authority.entity.auth.Role">
        <id column="id" jdbcType="BIGINT" property="id"/>
        <result column="create_user" jdbcType="BIGINT" property="createUser"/>
        <result column="create_time" jdbcType="TIMESTAMP" property="createTime"/>
        <result column="update_user" jdbcType="BIGINT" property="updateUser"/>
        <result column="update_time" jdbcType="TIMESTAMP" property="updateTime"/>
        <result column="name" jdbcType="VARCHAR" property="name"/>
        <result column="code" jdbcType="VARCHAR" property="code"/>
        <result column="describe_" jdbcType="VARCHAR" property="describe"/>
        <result column="status" jdbcType="BIT" property="status"/>
        <result column="readonly" jdbcType="BIT" property="readonly"/>
        <!--<result column="ds_type" jdbcType="VARCHAR" property="dsType"/>-->
    </resultMap>

    <!-- 通用查询结果列 -->
    <sql id="Base_Column_List">
        id, create_user, create_time, update_user, update_time, 
        name, code, describe_, status, readonly
    </sql>

</mapper>
