<?xml version="1.0" encoding="UTF-8"?>
<mappings xmlns:xsi="http://www.w3.org/2001/XMLSchema-instance"
          xmlns="http://dozermapper.github.io/schema/bean-mapping"
          xsi:schemaLocation="http://dozermapper.github.io/schema/bean-mapping http://dozermapper.github.io/schema/bean-mapping.xsd">
    <!--
    @see: http://www.jianshu.com/p/bf8f0e8aee23
    @see: http://blog.csdn.net/whhahyy/article/details/48594657
    全局配置:
    <date-format>表示日期格式
    <stop-on-errors>错误处理开关
    <wildcard>通配符
    <trim-strings>裁剪字符串开关
     -->
    <configuration>
        <date-format>yyyy-MM-dd HH:mm:ss</date-format>
    </configuration>
</mappings>
