<?xml version="1.0" encoding="UTF-8"?>
<!DOCTYPE mapper PUBLIC "-//mybatis.org//DTD Mapper 3.0//EN" "http://mybatis.org/dtd/mybatis-3-mapper.dtd">
<mapper namespace="com.itheima.pinda.authority.biz.dao.core.OrgMapper">

    <!-- 通用查询映射结果 -->
    <resultMap id="BaseResultMap" type="com.itheima.pinda.authority.entity.core.Org">
        <id column="id" jdbcType="BIGINT" property="id"/>
        <result column="create_time" jdbcType="TIMESTAMP" property="createTime"/>
        <result column="create_user" jdbcType="BIGINT" property="createUser"/>
        <result column="update_time" jdbcType="TIMESTAMP" property="updateTime"/>
        <result column="update_user" jdbcType="BIGINT" property="updateUser"/>
        <result column="name" jdbcType="VARCHAR" property="name"/>
        <result column="abbreviation" jdbcType="VARCHAR" property="abbreviation"/>
        <result column="parent_id" jdbcType="BIGINT" property="parentId"/>
        <result column="tree_path" jdbcType="VARCHAR" property="treePath"/>
        <result column="sort_value" jdbcType="INTEGER" property="sortValue"/>
        <result column="status" jdbcType="BIT" property="status"/>
        <result column="describe_" jdbcType="VARCHAR" property="describe"/>
    </resultMap>

    <!-- 通用查询结果列 -->
    <sql id="Base_Column_List">
        id, create_time, create_user, update_time, update_user,
        name, abbreviation, parent_id, tree_path, sort_value, status, describe_
    </sql>

</mapper>
