<?xml version="1.0" encoding="UTF-8"?>
<!DOCTYPE mapper PUBLIC "-//mybatis.org//DTD Mapper 3.0//EN" "http://mybatis.org/dtd/mybatis-3-mapper.dtd">
<mapper namespace="com.itheima.pinda.authority.biz.dao.core.StationMapper">

    <!-- 通用查询映射结果 -->
    <resultMap id="BaseResultMap" type="com.itheima.pinda.authority.entity.core.Station">
        <id column="id" jdbcType="BIGINT" property="id"/>
        <result column="create_time" jdbcType="TIMESTAMP" property="createTime"/>
        <result column="create_user" jdbcType="BIGINT" property="createUser"/>
        <result column="update_time" jdbcType="TIMESTAMP" property="updateTime"/>
        <result column="update_user" jdbcType="BIGINT" property="updateUser"/>
        <result column="name" jdbcType="VARCHAR" property="name"/>
        <result column="org_id" jdbcType="BIGINT" property="orgId"/>
        <result column="status" jdbcType="BIT" property="status"/>
        <result column="describe_" jdbcType="VARCHAR" property="describe"/>
    </resultMap>

    <!-- 通用查询结果列 -->
    <sql id="Base_Column_List">
        id, create_time, create_user, update_time, update_user,
        name, org_id, status, describe_
    </sql>

</mapper>
