<?xml version="1.0" encoding="UTF-8"?>
<configuration>

    <include resource="com/itheima/pinda/log/logback/pinda-defaults.xml"/>

    <springProfile name="test,docker,prod">
        <logger name="com.itheima.pinda.zuul" additivity="true" level="INFO">
            <appender-ref ref="ASYNC_CONTROLLER_APPENDER"/>
        </logger>
    </springProfile>

    <springProfile name="dev">
        <logger name="com.itheima.pinda.zuul" additivity="true" level="INFO">
            <appender-ref ref="CONTROLLER_APPENDER"/>
        </logger>
    </springProfile>
</configuration>