<?xml version="1.0" encoding="UTF-8"?>
<configuration>
    <!--引入其他配置文件-->
    <include resource="logback-base.xml" />
    <!--
    <logger>用来设置某一个包或者具体的某一个类的日志打印级别、
    以及指定<appender>。<logger>仅有一个name属性，
    一个可选的level和一个可选的addtivity属性。
    name:用来指定受此logger约束的某一个包或者具体的某一个类。
    level:用来设置打印级别，大小写无关：TRACE, DEBUG, INFO, WARN, ERROR, ALL 和 OFF，
          如果未设置此属性，那么当前logger将会继承上级的级别。
    addtivity:是否向上级logger传递打印信息。默认是true。
     -->

    <!--开发环境-->
    <springProfile name="dev">
        <logger name="cn.itcast.controller" additivity="false" level="debug">
            <appender-ref ref="LOG_CONSOLE"/>
        </logger>
    </springProfile>
    <!--生产环境-->
    <springProfile name="pro">
        <logger name="cn.itcast.controller" additivity="false" level="info">
            <appender-ref ref="LOG_FILE"/>
        </logger>
    </springProfile>

    <!--
    root节点是必选节点，用来指定最基础的日志输出级别，只有一个level属性
    level:设置打印级别，大小写无关：TRACE, DEBUG, INFO, WARN, ERROR, ALL 和 OFF 默认是DEBUG
    可以包含零个或多个元素，标识这个appender将会添加到这个logger。
    -->
    <root level="info">
        <appender-ref ref="LOG_CONSOLE" />
        <appender-ref ref="LOG_FILE" />
    </root>
</configuration>