<?xml version="1.0" encoding="UTF-8"?>
<mappings xmlns:xsi="http://www.w3.org/2001/XMLSchema-instance"
          xmlns="http://dozermapper.github.io/schema/bean-mapping"
          xsi:schemaLocation="http://dozermapper.github.io/schema/bean-mapping
                             http://dozermapper.github.io/schema/bean-mapping.xsd">
    <!--描述两个类中属性的对应关系，对于两个类中同名的属性可以不映射-->
    <mapping date-format="yyyy-MM-dd">
        <class-a>com.itheima.entity.UserEntity</class-a>
        <class-b>com.itheima.dto.UserDTO</class-b>
        <field>
            <a>id</a>
            <b>userId</b>
        </field>
        <field>
            <a>name</a>
            <b>userName</b>
        </field>
        <field>
            <a>age</a>
            <b>userAge</b>
        </field>
    </mapping>
    <!--
    可以使用map-id指定映射的标识，在程序中通过此标识来确定使用当前这个映射关系
    -->
    <mapping date-format="yyyy-MM-dd" map-id="user">
        <class-a>com.itheima.entity.UserEntity</class-a>
        <class-b>com.itheima.dto.UserDTO</class-b>
        <field>
            <a>id</a>
            <b>userId</b>
        </field>
        <field>
            <a>name</a>
            <b>userName</b>
        </field>
        <field>
            <a>age</a>
            <b>userAge</b>
        </field>
    </mapping>
</mappings>