<?xml version="1.0" encoding="UTF-8"?>
<!DOCTYPE mapper PUBLIC "-//mybatis.org//DTD Mapper 3.0//EN" "http://mybatis.org/dtd/mybatis-3-mapper.dtd">
<mapper namespace="com.itheima.pinda.authority.biz.dao.auth.ResourceMapper">

    <!-- 通用查询映射结果 -->
    <resultMap id="BaseResultMap" type="com.itheima.pinda.authority.entity.auth.Resource">
        <id column="id" jdbcType="BIGINT" property="id"/>
        <result column="create_user" jdbcType="BIGINT" property="createUser"/>
        <result column="create_time" jdbcType="TIMESTAMP" property="createTime"/>
        <result column="update_user" jdbcType="BIGINT" property="updateUser"/>
        <result column="update_time" jdbcType="TIMESTAMP" property="updateTime"/>
        <result column="code" jdbcType="VARCHAR" property="code"/>
        <result column="name" jdbcType="VARCHAR" property="name"/>
        <result column="menu_id" jdbcType="BIGINT" property="menuId"/>
        <result column="describe_" jdbcType="VARCHAR" property="describe"/>
        <result column="method" jdbcType="VARCHAR" property="method"/>
        <result column="url" jdbcType="VARCHAR" property="url"/>
    </resultMap>

    <!-- 通用查询结果列 -->
    <sql id="Base_Column_List">
        id, create_user, create_time, update_user, update_time, 
        code, name, menu_id, describe_,method,url
    </sql>

</mapper>
