<?xml version="1.0" encoding="UTF-8"?>
<!DOCTYPE mapper PUBLIC "-//mybatis.org//DTD Mapper 3.0//EN" "http://mybatis.org/dtd/mybatis-3-mapper.dtd">
<mapper namespace="com.itheima.pinda.authority.biz.dao.auth.RoleOrgMapper">

    <!-- 通用查询映射结果 -->
    <resultMap id="BaseResultMap" type="com.itheima.pinda.authority.entity.auth.RoleOrg">
        <id column="id" jdbcType="BIGINT" property="id"/>
        <result column="create_time" jdbcType="TIMESTAMP" property="createTime"/>
        <result column="create_user" jdbcType="BIGINT" property="createUser"/>
        <result column="role_id" jdbcType="BIGINT" property="roleId"/>
        <result column="org_id" jdbcType="BIGINT" property="orgId"/>
    </resultMap>

    <!-- 通用查询结果列 -->
    <sql id="Base_Column_List">
        id, create_time, create_user, 
        role_id, org_id
    </sql>

</mapper>
